team,elo
Spain,2225.398025768775
Argentina,2171.0784698187886
France,2136.8234448248368
England,2117.2119153259923
Colombia,2058.9062714384245
Brazil,2056.525152262874
Ecuador,2055.767045379604
Germany,2032.0475215072734
Netherlands,2025.1015283135837
Japan,2017.756215772243
Morocco,2016.0290026950388
Norway,2014.2700874831307
Portugal,2012.524598611124
Turkey,2005.752098040223
Belgium,1983.7498339611261
Mexico,1983.1520961501567
Croatia,1980.3430201066353
Switzerland,1978.617063353488
Uruguay,1974.3352550576446
Paraguay,1963.1466907110516
Australia,1926.3246663969774
Senegal,1921.1904733899685
Denmark,1920.5734335914356
Canada,1910.5283533792372
Italy,1907.8387196921992
Iran,1907.5320188816358
South Korea,1905.9523264152995
Nigeria,1898.6653030974555
Austria,1895.756290653205
Yugoslavia,1886.235416122241
Algeria,1883.2796297123184
Scotland,1882.357940168293
United States,1863.3775411330237
Russia,1858.3989286143571
Uzbekistan,1847.3735705971758
Panama,1847.1733288560313
Ukraine,1825.6735500144907
Basque Country,1822.8493836503321
Ivory Coast,1821.6909534397953
Egypt,1816.1840652943392
Czechoslovakia,1809.501306322547
Kosovo,1809.3031191043
Czech Republic,1804.9763900053335
Jersey,1803.268057024285
DR Congo,1797.3643892506984
Republic of Ireland,1797.0162856960235
Venezuela,1795.9956300023796
Poland,1795.0614990962426
Jordan,1789.3443541962254
Chile,1787.801764059245
Iraq,1784.7122720245477
Greece,1782.1343837472325
Hungary,1782.118164692053
Serbia,1774.0267755308103
Sweden,1770.0326079814076
Peru,1764.9344076928035
Wales,1764.4867962843089
Bolivia,1759.0612861476425
New Zealand,1749.1122144773337
Tunisia,1746.21195160191
Guernsey,1744.2455359715907
Slovakia,1742.0061497879442
Costa Rica,1736.793070102776
Slovenia,1725.2429397879644
Cameroon,1718.6826948199591
German DR,1713.075937938483
Mali,1710.7109558171373
Haiti,1707.2250382308935
Saudi Arabia,1705.8713348163892
Isle of Man,1705.7234156828185
Georgia,1697.5498395982013
Albania,1696.81777849777
Honduras,1693.6659762273769
Northern Cyprus,1693.1947520556564
Occitania,1687.7766869062643
Padania,1685.1181327972272
United Arab Emirates,1683.8754629631637
Bosnia and Herzegovina,1682.9179735576913
Romania,1681.7616235687008
Northern Ireland,1681.387217749007
Israel,1680.5982728755464
Catalonia,1678.5899441197355
Isle of Wight,1663.2415775668248
South Africa,1662.7265271452495
Jamaica,1660.2595261737627
Burkina Faso,1656.0258443949822
Cape Verde,1655.9001142098216
North Macedonia,1655.4183065133136
Guatemala,1652.8808887337223
Iraqi Kurdistan,1647.8124135319604
Iceland,1645.7706092151443
Ghana,1644.1972797109142
Ynys Môn,1641.874456592635
Curaçao,1639.1800074024038
Abkhazia,1631.2907053347083
Kárpátalja,1606.878013379283
Andalusia,1604.6756541007078
Palestine,1603.0151953915363
Suriname,1602.1122969447347
Finland,1601.6008028393155
Kernow,1598.1874186069822
Rhodes,1593.8803082141822
County of Nice,1590.1441841054548
Syria,1589.308827583246
Belarus,1588.0348702542635
New Caledonia,1586.4083710540217
Qatar,1586.0549419400702
Oman,1582.435489826958
Panjab,1581.3567828233301
Tamil Eelam,1577.6846170244175
Réunion,1573.6204193458802
Guinea,1569.5984302197915
Ellan Vannin,1569.4019674040117
Angola,1565.206318557576
Corsica,1565.1511706714973
Menorca,1564.8518066900365
Kurdistan,1564.5052547879122
Artsakh,1564.2204550708652
China,1564.0223137909813
Benin,1560.687040689826
Yorkshire,1556.8602490887713
Chameria,1550.0589649784106
Bulgaria,1546.4147730612076
Arameans Suryoye,1545.4547865369193
Cascadia,1545.0226274201625
Gambia,1543.8959633229756
Quebec,1543.34561689285
Zambia,1540.8427231551946
Libya,1539.297949921262
Trinidad and Tobago,1538.8668790039103
Niger,1537.4609723466456
Uganda,1535.6056080038454
Zanzibar,1535.4403432250133
Galicia,1535.222056915254
Gabon,1534.5482338850102
Kazakhstan,1533.3898878677421
Indonesia,1531.992179622216
Maule Sur,1528.345836909456
Guadeloupe,1527.419694946203
Thailand,1525.8257083007877
Canary Islands,1524.3338656421517
Madagascar,1524.0802131320959
Bahrain,1520.5466991798044
Asturias,1519.1741326306253
Western Armenia,1516.9316255635404
Parishes of Jersey,1515.5729937732942
Surrey,1514.9982901663407
Biafra,1514.7151634623513
Silesia,1514.1434651393067
Donetsk PR,1510.8494460578409
Brittany,1508.9449133646588
Mapuche,1508.4707999873015
Elba Island,1507.996244860792
Felvidék,1505.649533713695
Shetland,1501.7916384260584
United Koreans in Japan,1501.746403484181
Mozambique,1501.3355466747678
Délvidék,1500.391200205842
Crimea,1500.275070468267
Malaysia,1499.5173367007606
Nicaragua,1498.8962106115735
Montenegro,1495.7760414310342
Saugeais,1495.447564914103
Central Spain,1494.7149754763902
Kyrgyzstan,1491.0757820808446
Madrid,1490.877119737934
Sápmi,1489.899648541054
Cilento,1489.4901547254094
Székely Land,1488.3538612906566
Seborga,1487.2660005633018
Republic of St. Pauli,1487.1429051115606
Sierra Leone,1487.1302386230311
Tahiti,1486.9998846312983
Luhansk PR,1486.4617539461751
North Vietnam,1484.8933102955123
Yoruba Nation,1483.5082916066133
Matabeleland,1482.1585548135401
Sealand,1480.2662397884292
El Salvador,1479.0442894209734
North Korea,1478.0046721536733
Somaliland,1476.7715129889932
Comoros,1475.8272751804886
Gozo,1475.1974171609156
Franconia,1474.864804704472
Ryūkyū,1474.4885595057906
West Papua,1474.3288442359617
South Ossetia,1473.9911159346
Åland Islands,1473.5460421745404
Togo,1472.4244903202155
Kuwait,1471.7674709871721
South Yemen,1469.1309701198084
Guyana,1468.676067413305
Martinique,1468.2875597352847
Sudan,1466.040518528117
Luxembourg,1465.6327074972637
Provence,1464.60244709203
Aymara,1463.1833631032425
East Turkestan,1462.3255609906812
Greenland,1462.3227788326885
Armenia,1460.9091856387504
Romani people,1460.6356779671062
Faroe Islands,1459.618448768774
Hmong,1459.0839249180246
Dominican Republic,1458.6219789454178
Kabylia,1455.4626483140707
Kenya,1454.8120417778275
Vietnam,1453.3332302984802
Zimbabwe,1451.9396823766676
Gotland,1450.7968330100698
Mauritania,1450.5369393111291
Saarland,1449.0798206747518
Rwanda,1448.4374415872542
Chechnya,1448.336129863041
Mayotte,1444.5981186075528
Tajikistan,1443.7753864197616
Monaco,1440.9309652964193
Liberia,1440.854016028791
Lebanon,1440.3362566936394
French Guiana,1433.6511914382493
Manchukuo,1432.2001935765586
Western Isles,1431.9765205044098
Malawi,1431.6464994397595
Găgăuzia,1428.8908395836518
Equatorial Guinea,1427.9986852071745
Papua New Guinea,1427.718498959317
Niue,1426.7657383696035
Ticino,1426.4459507959743
Vanuatu,1423.7556584182817
Lesotho,1423.7452851785151
Palau,1422.2830847065145
Saint Barthélemy,1417.4822526336686
Vatican City,1417.1780673024869
Marshall Islands,1417.0979982244005
Two Sicilies,1414.1990236877077
Tanzania,1412.5169586681475
Azerbaijan,1402.6339670993768
Estonia,1401.0141150732877
Orkney,1400.2252026604688
Fiji,1398.564625527724
Western Sahara,1398.067675233541
Namibia,1397.1509075417887
Ambazonia,1392.834590228776
Raetia,1391.742872225836
Western Australia,1390.581628660286
Cuba,1383.967725731939
Malta,1383.608757420614
Botswana,1381.623483577362
Turkmenistan,1380.833997313736
Ethiopia,1379.5638978037662
Cyprus,1378.989789806522
Barawa,1375.2426572865252
Latvia,1372.8908071199237
Lithuania,1367.353393329899
Puerto Rico,1365.4958164005627
Solomon Islands,1359.8867519105409
Burundi,1355.213207640855
Chagos Islands,1350.3606305920016
Saint Helena,1347.2256312866202
Guinea-Bissau,1340.7343471618535
Saare County,1340.1427252816939
Hitra,1339.5911402269705
Yemen DPR,1338.3942293668258
Central African Republic,1332.805087630865
Vietnam Republic,1330.5523163232688
Bermuda,1328.2090579014628
Sark,1327.8955497622544
Philippines,1326.8127255193258
Micronesia,1322.1034737646523
Saint Vincent and the Grenadines,1318.7551441268333
Hong Kong,1317.3319610410729
Congo,1308.1837996250476
Moldova,1302.2087101316822
Singapore,1301.116269517237
Yemen,1297.1264155095462
Wallis Islands and Futuna,1291.377411710859
Eswatini,1287.754249402708
Grenada,1287.6247577648405
Saint Pierre and Miquelon,1283.6382422508102
Sint Maarten,1277.8874048842335
South Sudan,1277.7562870681088
Saint Martin,1275.5238221876275
Darfur,1274.5969342929407
Tibet,1261.309578164465
Belize,1252.7339235592085
Saint Kitts and Nevis,1250.6921594425603
Kiribati,1223.3541553142086
Montserrat,1221.2350063062886
Samoa,1219.7587613193273
Chad,1212.8865213380923
Falkland Islands,1212.518302022456
Saint Lucia,1206.9304331235044
India,1205.1941053290213
Tuvalu,1203.9691146156024
Mauritius,1203.3960847930207
Aruba,1203.1534820059796
Frøya,1189.008306739565
Afghanistan,1171.021824141717
Eritrea,1170.315023276977
São Tomé and Príncipe,1159.7778693844307
Andorra,1152.4917789130604
Dominica,1145.6933923219772
Myanmar,1132.888726042746
Bangladesh,1129.8290161857713
Bonaire,1126.7727506892872
Gibraltar,1117.3775577239055
Antigua and Barbuda,1109.6439241817877
Barbados,1104.890326900903
Cook Islands,1083.1324866878306
Alderney,1079.5510843798318
Pakistan,1066.4198344367246
Nepal,1066.3057113993295
Tonga,1058.1996408031696
Djibouti,1054.2981699968536
Somalia,1049.4846945099043
Cambodia,1039.743091822409
Cayman Islands,1032.8576588147228
Sri Lanka,1011.7565483107285
Taiwan,1007.7439535822451
British Virgin Islands,1007.2379779645689
Liechtenstein,988.0301436290324
Turks and Caicos Islands,980.708420110009
United States Virgin Islands,977.2120618439762
Seychelles,969.5682462802248
Maldives,969.4744276546318
Mongolia,966.1701640685674
Northern Mariana Islands,957.6552523046835
Guam,939.3034271595839
Bahamas,932.0493450705271
American Samoa,928.1612788415657
Laos,926.968106542924
Brunei,895.2034430278854
Anguilla,889.4924501667665
San Marino,876.0591508959931
Timor-Leste,867.5180124823181
Bhutan,861.2715075316136
Macau,796.7367480889226
